{"val_loss":2.019540802637736,"_wandb":{"runtime":2275},"_runtime":2275,"val_acc":66.5068770972381,"_timestamp":1.767279613629109e+09,"_step":29,"train_loss":0.4617327776102893}