{"train_loss":0.47012846475153897,"val_loss":2.0280299266179402,"val_acc":66.59168848408865,"_timestamp":1.7673163656163478e+09,"_step":29,"_wandb":{"runtime":2601},"_runtime":2601}