{"val_acc":66.84981009624249,"_timestamp":1.76733267551704e+09,"_wandb":{"runtime":3844},"_runtime":3844,"_step":29,"train_loss":0.6321695164630288,"val_loss":1.9317587018013}