{"train_loss":0.6260485115804171,"val_loss":1.8762272745370865,"_wandb":{"runtime":4965},"_runtime":4965,"val_acc":66.96412109591061,"_timestamp":1.7673406106071e+09,"_step":29}