{"val_acc":66.13813193701833,"_timestamp":1.767326248350927e+09,"_step":29,"_wandb":{"runtime":4713},"_runtime":4713,"train_loss":0.5720445597380922,"val_loss":1.9386421889066696}