{"train_loss":0.39960913979901674,"val_loss":2.0002822001775105,"val_acc":66.03857074375898,"_timestamp":1.767256255608673e+09,"_step":29,"_wandb":{"runtime":3117},"_runtime":3117}